Date,S&P 500 VIX Short Term Futures Inverse Daily Index TR
31/01/2007,226886.09
01/02/2007,229713.22
02/02/2007,230712.66
05/02/2007,230576.53
06/02/2007,233987.17
07/02/2007,237139.74
08/02/2007,235632.86
09/02/2007,231112.99
12/02/2007,227180.98
13/02/2007,235571.22
14/02/2007,242677.33
15/02/2007,244469.03
16/02/2007,244363.34
20/02/2007,248682.27
21/02/2007,251234.31
22/02/2007,253061.18
23/02/2007,243674.95
26/02/2007,246255.98
27/02/2007,185873.75
28/02/2007,200719.86
01/03/2007,192001.82
02/03/2007,181002.84
05/03/2007,172691.64
06/03/2007,183782.76
07/03/2007,186924.28
08/03/2007,193773.71
09/03/2007,194035.94
12/03/2007,197418.3
13/03/2007,178764.08
14/03/2007,172227.49
15/03/2007,171329.68
16/03/2007,166033.88
19/03/2007,176230.68
20/03/2007,182671.18
21/03/2007,196669.78
22/03/2007,195482.5
23/03/2007,195670.71
26/03/2007,195321.71
27/03/2007,188439.9
28/03/2007,178466.72
29/03/2007,179643.12
30/03/2007,181249.99
02/04/2007,177792.42
03/04/2007,185063.67
04/04/2007,187808.6
05/04/2007,190070.51
09/04/2007,191079.24
10/04/2007,197853.84
11/04/2007,191293.78
12/04/2007,195349.84
13/04/2007,198401.78
16/04/2007,207522.77
17/04/2007,204791.16
18/04/2007,204974.84
19/04/2007,206507.82
20/04/2007,206472.68
23/04/2007,203419.86
24/04/2007,203569.47
25/04/2007,205695.29
26/04/2007,205054.19
27/04/2007,206470.27
30/04/2007,200903.71
01/05/2007,200834.67
02/05/2007,203806.32
03/05/2007,205293.82
04/05/2007,204769.71
07/05/2007,203535.77
08/05/2007,201493.01
09/05/2007,203940.33
10/05/2007,197704.87
11/05/2007,202058.23
14/05/2007,198542.98
15/05/2007,197464.59
16/05/2007,199437.54
17/05/2007,198029.58
18/05/2007,200438.27
21/05/2007,203460.69
22/05/2007,202925.2
23/05/2007,203674.95
24/05/2007,197400.27
25/05/2007,200046.21
29/05/2007,202362.21
30/05/2007,205304.8
31/05/2007,205738.83
01/06/2007,206846.66
04/06/2007,205361.41
05/06/2007,204048.74
06/06/2007,197216.87
07/06/2007,184966.42
08/06/2007,189370.05
11/06/2007,193264.2
12/06/2007,186738.47
13/06/2007,191486.64
14/06/2007,196895.21
15/06/2007,199897.6
18/06/2007,199604.27
19/06/2007,203910.06
20/06/2007,191712.51
21/06/2007,191085.62
22/06/2007,182612.46
25/06/2007,180098.1
26/06/2007,173209.19
27/06/2007,183423.21
28/06/2007,183410.17
29/06/2007,177318.08
02/07/2007,181570.16
03/07/2007,184212.53
05/07/2007,181333.2
06/07/2007,184931.53
09/07/2007,184524.53
10/07/2007,171854.18
11/07/2007,173571.87
12/07/2007,177196.72
13/07/2007,176521.23
16/07/2007,174415.78
17/07/2007,173104.76
18/07/2007,167680.14
19/07/2007,169486.55
20/07/2007,164297.06
23/07/2007,165895.05
24/07/2007,160148.19
25/07/2007,160875.1
26/07/2007,149510.9
27/07/2007,144973.08
30/07/2007,148981.76
31/07/2007,139771.7
01/08/2007,132740.95
02/08/2007,138317.2
03/08/2007,126839.9
06/08/2007,129651.41
07/08/2007,138424.15
08/08/2007,140013.28
09/08/2007,120336.35
10/08/2007,111389.25
13/08/2007,114202.25
14/08/2007,109258.19
15/08/2007,104528.47
16/08/2007,96317.93
17/08/2007,98946.87
20/08/2007,106960.8
21/08/2007,109673.24
22/08/2007,114970.17
23/08/2007,112964.86
24/08/2007,117201.87
27/08/2007,111698.66
28/08/2007,102430.28
29/08/2007,106529.93
30/08/2007,105532.3
31/08/2007,108769.97
04/09/2007,112947.49
05/09/2007,106441.81
06/09/2007,107243.48
07/09/2007,100461.17
10/09/2007,97704.19
11/09/2007,102571.01
12/09/2007,101841.41
13/09/2007,102332.56
14/09/2007,102305.16
17/09/2007,99934.83
18/09/2007,112514.25
19/09/2007,116840.28
20/09/2007,115355.55
21/09/2007,120534.18
24/09/2007,121463.04
25/09/2007,120393.57
26/09/2007,125086.3
27/09/2007,126846.63
28/09/2007,125053.26
01/10/2007,128169.64
02/10/2007,125278.4
03/10/2007,123734.36
04/10/2007,122737
05/10/2007,129322.93
08/10/2007,127641.44
09/10/2007,134004.81
10/10/2007,133670.62
11/10/2007,125035.05
12/10/2007,127500.42
15/10/2007,121028.58
16/10/2007,115588.47
17/10/2007,117010.94
18/10/2007,116924.63
19/10/2007,108925.26
22/10/2007,110438.3
23/10/2007,113825.41
24/10/2007,111571.26
25/10/2007,112610.27
26/10/2007,117213.79
29/10/2007,119246.42
30/10/2007,115162.12
31/10/2007,124265.34
01/11/2007,106648.43
02/11/2007,103655.79
05/11/2007,99649.25
06/11/2007,104699.23
07/11/2007,93222.73
08/11/2007,93631.07
09/11/2007,88266.52
12/11/2007,86988.44
13/11/2007,93795.63
14/11/2007,92313.63
15/11/2007,86304.14
16/11/2007,87554.78
19/11/2007,86260.82
20/11/2007,88617.85
21/11/2007,86493.71
23/11/2007,89543.09
26/11/2007,84686.78
27/11/2007,86662.57
28/11/2007,93322.35
29/11/2007,92381.7
30/11/2007,94565.29
03/12/2007,94071.3
04/12/2007,93216.98
05/12/2007,97628.21
06/12/2007,102574.22
07/12/2007,101129.93
10/12/2007,103264.43
11/12/2007,97763.41
12/12/2007,99022.62
13/12/2007,98530.41
14/12/2007,95652.82
17/12/2007,92454.08
18/12/2007,95731.33
19/12/2007,96323.78
20/12/2007,97324.62
21/12/2007,101526.32
24/12/2007,105165.46
26/12/2007,105937.54
27/12/2007,102572.24
28/12/2007,102016.4
31/12/2007,100405.1
02/01/2008,98106.9
03/01/2008,98947.88
04/01/2008,94866.98
07/01/2008,96851.34
08/01/2008,92131.63
09/01/2008,93094.06
10/01/2008,96114.61
11/01/2008,91673.27
14/01/2008,95612.63
15/01/2008,94970.77
16/01/2008,95919.61
17/01/2008,88396.56
18/01/2008,87571.86
22/01/2008,86382.92
23/01/2008,90425.91
24/01/2008,90320.29
25/01/2008,89088.29
28/01/2008,90921.86
29/01/2008,90879.85
30/01/2008,90668.35
31/01/2008,92028.03
01/02/2008,94454.38
04/02/2008,91113.19
05/02/2008,85970.66
06/02/2008,83679.6
07/02/2008,84949.58
08/02/2008,83444.25
11/02/2008,85338.35
12/02/2008,86455.84
13/02/2008,89466.65
14/02/2008,88218.9
15/02/2008,89060.6
19/02/2008,90182.02
20/02/2008,90772.66
21/02/2008,90861.45
22/02/2008,92868.35
25/02/2008,95350.73
26/02/2008,96886.81
27/02/2008,96085.79
28/02/2008,93363.75
29/02/2008,88015.23
03/03/2008,88074.29
04/03/2008,89589.63
05/03/2008,91815.25
06/03/2008,85440.07
07/03/2008,85498.77
10/03/2008,83073.28
11/03/2008,87726.09
12/03/2008,85147.35
13/03/2008,84851.98
14/03/2008,79787.67
17/03/2008,79336.97
18/03/2008,86123.09
19/03/2008,82148.29
20/03/2008,83387.98
24/03/2008,85321.54
25/03/2008,85324.39
26/03/2008,83400.82
27/03/2008,84000.14
28/03/2008,83959.71
31/03/2008,85481.72
01/04/2008,91288.84
02/04/2008,89713.42
03/04/2008,90520.92
04/04/2008,90982.45
07/04/2008,93901.35
08/04/2008,94404.23
09/04/2008,92046.27
10/04/2008,93649.41
11/04/2008,90875.39
14/04/2008,91240.31
15/04/2008,93067.11
16/04/2008,98598.21
17/04/2008,98257.73
18/04/2008,101754.55
21/04/2008,103113.78
22/04/2008,102266.48
23/04/2008,103347.97
24/04/2008,106007.84
25/04/2008,108665.45
28/04/2008,109521.61
29/04/2008,108124.86
30/04/2008,105682.23
01/05/2008,112018.75
02/05/2008,113438.84
05/05/2008,112318.15
06/05/2008,116677.72
07/05/2008,111217.77
08/05/2008,111143.1
09/05/2008,110127.97
12/05/2008,113843.22
13/05/2008,114340.76
14/05/2008,116861.94
15/05/2008,119841.24
16/05/2008,118652.89
19/05/2008,120998.36
20/05/2008,114553.9
21/05/2008,107297.04
22/05/2008,109229.4
23/05/2008,106708.67
27/05/2008,109938.46
28/05/2008,111051.08
29/05/2008,117732.74
30/05/2008,120582.84
02/06/2008,113606.98
03/06/2008,111456.79
04/06/2008,111066.4
05/06/2008,116882.9
06/06/2008,103981.8
09/06/2008,105872.42
10/06/2008,105724.14
11/06/2008,102556.77
12/06/2008,103945.99
13/06/2008,108050.3
16/06/2008,109545.05
17/06/2008,109777.94
18/06/2008,106541.19
19/06/2008,108410.73
20/06/2008,105836.84
23/06/2008,105812.31
24/06/2008,105192.28
25/06/2008,109652.92
26/06/2008,100377.97
27/06/2008,100927.66
30/06/2008,102241.14
01/07/2008,102508.14
02/07/2008,97213.94
03/07/2008,98027.36
07/07/2008,97158.84
08/07/2008,102754.32
09/07/2008,97351.65
10/07/2008,96715.58
11/07/2008,94507.47
14/07/2008,92051.77
15/07/2008,91210
16/07/2008,96102.82
17/07/2008,97938.16
18/07/2008,98747.74
21/07/2008,101290.14
22/07/2008,105159.72
23/07/2008,105276.21
24/07/2008,100245.51
25/07/2008,100662.67
28/07/2008,97510.1
29/07/2008,103365.37
30/07/2008,108002.74
31/07/2008,102848.23
01/08/2008,102215.8
04/08/2008,102662.3
05/08/2008,107542.9
06/08/2008,110599.85
07/08/2008,105959.17
08/08/2008,108990.68
11/08/2008,110572.39
12/08/2008,106276.75
13/08/2008,104273.82
14/08/2008,107803.24
15/08/2008,109165.96
18/08/2008,107653.36
19/08/2008,104233.12
20/08/2008,106420.42
21/08/2008,107569.17
22/08/2008,110331.66
25/08/2008,105450.11
26/08/2008,106535.42
27/08/2008,108994.42
28/08/2008,111691.85
29/08/2008,109223.26
02/09/2008,107750.25
03/09/2008,109062.33
04/09/2008,101034.3
05/09/2008,103076.72
08/09/2008,106465.8
09/09/2008,99013.49
10/09/2008,100873.16
11/09/2008,100073.57
12/09/2008,99251.06
15/09/2008,93306.38
16/09/2008,95061.53
17/09/2008,89625.74
18/09/2008,93960.15
19/09/2008,96098.79
22/09/2008,89394.21
23/09/2008,81613.37
24/09/2008,82558.74
25/09/2008,85073.59
26/09/2008,82826.63
29/09/2008,71239.93
30/09/2008,75477.26
01/10/2008,72992.82
02/10/2008,68128.1
03/10/2008,65851.07
06/10/2008,63485.77
07/10/2008,57392.69
08/10/2008,54112
09/10/2008,48719.67
10/10/2008,46604.43
13/10/2008,50158.11
14/10/2008,48840.87
15/10/2008,41990.06
16/10/2008,41080.52
17/10/2008,37750.91
20/10/2008,39865.86
21/10/2008,40905.12
22/10/2008,36675.95
23/10/2008,35431.44
24/10/2008,31413.47
27/10/2008,29585.1
28/10/2008,32152.67
29/10/2008,30652.06
30/10/2008,31069
31/10/2008,31229.47
03/11/2008,32250.34
04/11/2008,35114.42
05/11/2008,32824.09
06/11/2008,28963.97
07/11/2008,29728.37
10/11/2008,29130.83
11/11/2008,28277.29
12/11/2008,26093.66
13/11/2008,27837.34
14/11/2008,25731.66
17/11/2008,24328.38
18/11/2008,23925.04
19/11/2008,21582.33
20/11/2008,20441.84
21/11/2008,21498.77
24/11/2008,22861.76
25/11/2008,23447.06
26/11/2008,24875.71
28/11/2008,24903.63
01/12/2008,21725.26
02/12/2008,22419.55
03/12/2008,22478.08
04/12/2008,21451.6
05/12/2008,21968.47
08/12/2008,22903.99
09/12/2008,22550.85
10/12/2008,22953.1
11/12/2008,22678.81
12/12/2008,23007.03
15/12/2008,22813.64
16/12/2008,23904.89
17/12/2008,23987.27
18/12/2008,24783.87
19/12/2008,26220.57
22/12/2008,27170.86
23/12/2008,26759.68
24/12/2008,27023.82
26/12/2008,27322.7
29/12/2008,26620.54
30/12/2008,27757.4
31/12/2008,29130.21
02/01/2009,31288.08
05/01/2009,30687.21
06/01/2009,31091.85
07/01/2009,28437.85
08/01/2009,28477.77
09/01/2009,27494.64
12/01/2009,25281.75
13/01/2009,25826.51
14/01/2009,23618.98
15/01/2009,23779.06
16/01/2009,24536.97
20/01/2009,21392.52
21/01/2009,22774.15
22/01/2009,23023.94
23/01/2009,23188.16
26/01/2009,24329.71
27/01/2009,25533.84
28/01/2009,27147.49
29/01/2009,26645.67
30/01/2009,25707.08
02/02/2009,25555.45
03/02/2009,26601.81
04/02/2009,26371.95
05/02/2009,26720.66
06/02/2009,27037.62
09/02/2009,26878.14
10/02/2009,25185.36
11/02/2009,25627.77
12/02/2009,26126.94
13/02/2009,25637.5
17/02/2009,24525.04
18/02/2009,24079.85
19/02/2009,24218.66
20/02/2009,23079.24
23/02/2009,21926.09
24/02/2009,23838.38
25/02/2009,24349.21
26/02/2009,24049.19
27/02/2009,23860.45
02/03/2009,22296.6
03/03/2009,22076.37
04/03/2009,23741.58
05/03/2009,22643.79
06/03/2009,22872.34
09/03/2009,22554.11
10/03/2009,24277.57
11/03/2009,24350.01
12/03/2009,24763.67
13/03/2009,24417.39
16/03/2009,23573.67
17/03/2009,24589.92
18/03/2009,24798.48
19/03/2009,23140.63
20/03/2009,21382.83
23/03/2009,23007.23
24/03/2009,22676.58
25/03/2009,23266.08
26/03/2009,23928.54
27/03/2009,23130.1
30/03/2009,21493.26
31/03/2009,21840.79
01/04/2009,22347.54
02/04/2009,22722.85
03/04/2009,23203.69
06/04/2009,23027.18
07/04/2009,22949.57
08/04/2009,23455.34
09/04/2009,24448.43
13/04/2009,24640.06
14/04/2009,24672.96
15/04/2009,25171.53
16/04/2009,26108.45
17/04/2009,26638.27
20/04/2009,24580.73
21/04/2009,25548.78
22/04/2009,25197.87
23/04/2009,25625.01
24/04/2009,25577.51
27/04/2009,24966.68
28/04/2009,25263.98
29/04/2009,26342.66
30/04/2009,26045.9
01/05/2009,26417.94
04/05/2009,27635.72
05/05/2009,27683.55
06/05/2009,28656.46
07/05/2009,28265.18
08/05/2009,29427.33
11/05/2009,29234.82
12/05/2009,29443.11
13/05/2009,28460.93
14/05/2009,29659.24
15/05/2009,28925.05
18/05/2009,31039.39
19/05/2009,31529.16
20/05/2009,31425.61
21/05/2009,29690.43
22/05/2009,29218.43
26/05/2009,30567.06
27/05/2009,29650.59
28/05/2009,30143.38
29/05/2009,31190.6
01/06/2009,31951.22
02/06/2009,31839.56
03/06/2009,30159.12
04/06/2009,30514.58
05/06/2009,30644.14
08/06/2009,30874.26
09/06/2009,31936.29
10/06/2009,31743.34
11/06/2009,32449.64
12/06/2009,32995.45
15/06/2009,31392.41
16/06/2009,30307.41
17/06/2009,30073.69
18/06/2009,30304.26
19/06/2009,31229.33
22/06/2009,29886.02
23/06/2009,30479.94
24/06/2009,31729.48
25/06/2009,33172.48
26/06/2009,33743.19
29/06/2009,34946.77
30/06/2009,34338.78
01/07/2009,34644.67
02/07/2009,32741.22
06/07/2009,33042.31
07/07/2009,31774.83
08/07/2009,31330.11
09/07/2009,31754
10/07/2009,31600.93
13/07/2009,33085.32
14/07/2009,33692.3
15/07/2009,34724.95
16/07/2009,35137.32
17/07/2009,35129.81
20/07/2009,35910.21
21/07/2009,36607.14
22/07/2009,37461.72
23/07/2009,38751.81
24/07/2009,39066.77
27/07/2009,38538.01
28/07/2009,37190.03
29/07/2009,36774.23
30/07/2009,37610.49
31/07/2009,37245.91
03/08/2009,38196.44
04/08/2009,38466.09
05/08/2009,38640.65
06/08/2009,38217.18
07/08/2009,39472.63
10/08/2009,39451.47
11/08/2009,38687.16
12/08/2009,39170.95
13/08/2009,39932.29
14/08/2009,39280.03
17/08/2009,36922.99
18/08/2009,37766.13
19/08/2009,38928.36
20/08/2009,39673.51
21/08/2009,40258.23
24/08/2009,40220.69
25/08/2009,39777.42
26/08/2009,39079.88
27/08/2009,39605.57
28/08/2009,39217.2
31/08/2009,38650.49
01/09/2009,36785.17
02/09/2009,36285.92
03/09/2009,37958.54
04/09/2009,39210.51
08/09/2009,40496.18
09/09/2009,41657.51
10/09/2009,43592.77
11/09/2009,43038.39
14/09/2009,44101.61
15/09/2009,43976.57
16/09/2009,45920.46
17/09/2009,45659.41
18/09/2009,44535.16
21/09/2009,44598.47
22/09/2009,45524.57
23/09/2009,45146.61
24/09/2009,44300.51
25/09/2009,44161.32
28/09/2009,45726.03
29/09/2009,45733.05
30/09/2009,45253.24
01/10/2009,43257.46
02/10/2009,43181.05
05/10/2009,44622.66
06/10/2009,45650.36
07/10/2009,46160.13
08/10/2009,46711.08
09/10/2009,47655.66
12/10/2009,48904.54
13/10/2009,49356.21
14/10/2009,49787.37
15/10/2009,50908.15
16/10/2009,50179.63
19/10/2009,51529.31
20/10/2009,51756.39
21/10/2009,51756.51
22/10/2009,53612.95
23/10/2009,52723.1
26/10/2009,51636.82
27/10/2009,51512.15
28/10/2009,47873.37
29/10/2009,50470.91
30/10/2009,45516.14
02/11/2009,45106.96
03/11/2009,44873.82
04/11/2009,45470.62
05/11/2009,47438.27
06/11/2009,48912.47
09/11/2009,51806.56
10/11/2009,51510.37
11/11/2009,51354.05
12/11/2009,49060.27
13/11/2009,49856.59
16/11/2009,50720.47
17/11/2009,50995.7
18/11/2009,52906.87
19/11/2009,52248.54
20/11/2009,53239.86
23/11/2009,55901
24/11/2009,56356.15
25/11/2009,57129.77
27/11/2009,53255.83
30/11/2009,53189.24
01/12/2009,55213.01
02/12/2009,55792.18
03/12/2009,54606.61
04/12/2009,55826.13
07/12/2009,56051.13
08/12/2009,54571.98
09/12/2009,54979.23
10/12/2009,55817.01
11/12/2009,56139.26
14/12/2009,57253.74
15/12/2009,57866.8
16/12/2009,60502.38
17/12/2009,59639.11
18/12/2009,60485.67
21/12/2009,62557.99
22/12/2009,64118.75
23/12/2009,64671.47
24/12/2009,65498.11
28/12/2009,66076.06
29/12/2009,65695.39
30/12/2009,64675.44
31/12/2009,62919.59
04/01/2010,65243.54
05/01/2010,66538
06/01/2010,68936.79
07/01/2010,70104.19
08/01/2010,71941.29
11/01/2010,73020.44
12/01/2010,71009.87
13/01/2010,72281.59
14/01/2010,73896.36
15/01/2010,71979.07
19/01/2010,75306.88
20/01/2010,75831.2
21/01/2010,71417.66
22/01/2010,65186.76
25/01/2010,66154.97
26/01/2010,65529.16
27/01/2010,67508.24
28/01/2010,66850.91
29/01/2010,65267.59
01/02/2010,68903.43
02/02/2010,71467.81
03/02/2010,71228.9
04/02/2010,62951.03
05/02/2010,62188.54
08/02/2010,61387.45
09/02/2010,62858.33
10/02/2010,63077.97
11/02/2010,64735.36
12/02/2010,64851.89
16/02/2010,68317.21
17/02/2010,70777.98
18/02/2010,73666.91
19/02/2010,75155.16
22/02/2010,76566.95
23/02/2010,74099.57
24/02/2010,75684.35
25/02/2010,75944.17
26/02/2010,77485.43
01/03/2010,78989.94
02/03/2010,79812.56
03/03/2010,80562.24
04/03/2010,80771.04
05/03/2010,84404.89
08/03/2010,85628.73
09/03/2010,85440.01
10/03/2010,84869.05
11/03/2010,84217.8
12/03/2010,84875.17
15/03/2010,84795.94
16/03/2010,87191.52
17/03/2010,90529.39
18/03/2010,91876.39
19/03/2010,90091.12
22/03/2010,91279.95
23/03/2010,93201.63
24/03/2010,91235.47
25/03/2010,90226.49
26/03/2010,91164.94
29/03/2010,93019.06
30/03/2010,94605.81
31/03/2010,95022.34
01/04/2010,95301.41
05/04/2010,98890.2
06/04/2010,101573.79
07/04/2010,99778.11
08/04/2010,101460.98
09/04/2010,102615.44
12/04/2010,102775
13/04/2010,102302.45
14/04/2010,104699.56
15/04/2010,104700.02
16/04/2010,100527.64
19/04/2010,102961.23
20/04/2010,107845.62
21/04/2010,107266.24
22/04/2010,107537.65
23/04/2010,108307.84
26/04/2010,106914.87
27/04/2010,95048.27
28/04/2010,96104.14
29/04/2010,100497.61
30/04/2010,91905.12
03/05/2010,95182.67
04/05/2010,85519.66
05/05/2010,81645.09
06/05/2010,67591.93
07/05/2010,61538.2
10/05/2010,70210.77
11/05/2010,70482.41
12/05/2010,74259.14
13/05/2010,72406.6
14/05/2010,65157.31
17/05/2010,64605.49
18/05/2010,60221.32
19/05/2010,58859.55
20/05/2010,50931.99
21/05/2010,51185.93
24/05/2010,52106.16
25/05/2010,54001.1
26/05/2010,55454.26
27/05/2010,60329.56
28/05/2010,59123.14
01/06/2010,55641.34
02/06/2010,59401.32
03/06/2010,59940.52
04/06/2010,54233.66
07/06/2010,51740.38
08/06/2010,53866.18
09/06/2010,53407.89
10/06/2010,56609.94
11/06/2010,57980.93
14/06/2010,59143.36
15/06/2010,62667.65
16/06/2010,64314.02
17/06/2010,65454.44
18/06/2010,66559.06
21/06/2010,65973.81
22/06/2010,63010.95
23/06/2010,62145.97
24/06/2010,58416.34
25/06/2010,59879.61
28/06/2010,58880.52
29/06/2010,53098.95
30/06/2010,52266.52
01/07/2010,52724.53
02/07/2010,54326.03
06/07/2010,57382.51
07/07/2010,61074.18
08/07/2010,62227.55
09/07/2010,63240.25
12/07/2010,64804.22
13/07/2010,65184.31
14/07/2010,63225.67
15/07/2010,62672.94
16/07/2010,59777.69
19/07/2010,60532.42
20/07/2010,64196.24
21/07/2010,63408.14
22/07/2010,66766.99
23/07/2010,68437.05
26/07/2010,71018.56
27/07/2010,71398.49
28/07/2010,70547.18
29/07/2010,70587.16
30/07/2010,71239.33
02/08/2010,75347.62
03/08/2010,74470.6
04/08/2010,75192.54
05/08/2010,74644.91
06/08/2010,74588.06
09/08/2010,75828.26
10/08/2010,75392.95
11/08/2010,69270.7
12/08/2010,68189.39
13/08/2010,66702.77
16/08/2010,67562.01
17/08/2010,69664.33
18/08/2010,70729.11
19/08/2010,68523.52
20/08/2010,69110.21
23/08/2010,70310.7
24/08/2010,68464.66
25/08/2010,69860.27
26/08/2010,69079.94
27/08/2010,73257.55
30/08/2010,71035.14
31/08/2010,72281.11
01/09/2010,76629.04
02/09/2010,78496.08
03/09/2010,82295.55
07/09/2010,79870.42
08/09/2010,81933.76
09/09/2010,82716.44
10/09/2010,84477.54
13/09/2010,88626.27
14/09/2010,88626.61
15/09/2010,90351.21
16/09/2010,90673.09
17/09/2010,90780.96
20/09/2010,93178.53
21/09/2010,92833.7
22/09/2010,91165.77
23/09/2010,88352.64
24/09/2010,93176.63
27/09/2010,92740.88
28/09/2010,92858.14
29/09/2010,91400.8
30/09/2010,89073.81
01/10/2010,90844.36
04/10/2010,89556.72
05/10/2010,93905.16
06/10/2010,95038.65
07/10/2010,95679.49
08/10/2010,99431.97
11/10/2010,101909.77
12/10/2010,105289.16
13/10/2010,107795.34
14/10/2010,104573.9
15/10/2010,105467.53
18/10/2010,108915.98
19/10/2010,106226.64
20/10/2010,111794.47
21/10/2010,114697.69
22/10/2010,119231.42
25/10/2010,120146.62
26/10/2010,117911.77
27/10/2010,115703.86
28/10/2010,115909.47
29/10/2010,115999.48
01/11/2010,116714.58
02/11/2010,119306.64
03/11/2010,126238.84
04/11/2010,134143.16
05/11/2010,134210.7
08/11/2010,133427.92
09/11/2010,132805.35
10/11/2010,134179.1
11/11/2010,132998.53
12/11/2010,125109.52
15/11/2010,126982.36
16/11/2010,121561.09
17/11/2010,124227.36
18/11/2010,132731.96
19/11/2010,134336.07
22/11/2010,138791.38
23/11/2010,132434.19
24/11/2010,138107.7
26/11/2010,129257.86
29/11/2010,128005.74
30/11/2010,118890.23
01/12/2010,124823.02
02/12/2010,135231.18
03/12/2010,140457.97
06/12/2010,143869.19
07/12/2010,144447.74
08/12/2010,148755.32
09/12/2010,151672.69
10/12/2010,152322.58
13/12/2010,150368.22
14/12/2010,148755.01
15/12/2010,146163.45
16/12/2010,148717.87
17/12/2010,151060.82
20/12/2010,155744.93
21/12/2010,158802.58
22/12/2010,158803.15
23/12/2010,154042.59
27/12/2010,149774.16
28/12/2010,148989.8
29/12/2010,150737.3
30/12/2010,151830.64
31/12/2010,154038.95
03/01/2011,156616.26
04/01/2011,157650.11
05/01/2011,160577.44
06/01/2011,160980.56
07/01/2011,160333.65
10/01/2011,160467.72
11/01/2011,165419.34
12/01/2011,173334.61
13/01/2011,174549.05
14/01/2011,182597.27
18/01/2011,187983.07
19/01/2011,178505.74
20/01/2011,179429.44
21/01/2011,177576.02
24/01/2011,181746.22
25/01/2011,183677.39
26/01/2011,189927.38
27/01/2011,193213.6
28/01/2011,173520.11
31/01/2011,175789.45
01/02/2011,184843.91
02/02/2011,184598.55
03/02/2011,187215.48
04/02/2011,192024.37
07/02/2011,195858.85
08/02/2011,198090.29
09/02/2011,197675.25
10/02/2011,197126.06
11/02/2011,199932.84
14/02/2011,202112.78
15/02/2011,199811.6
16/02/2011,197044.85
17/02/2011,195350.55
18/02/2011,193773.84
22/02/2011,168700.03
23/02/2011,160216.43
24/02/2011,162709.39
25/02/2011,174111.02
28/02/2011,181861.31
01/03/2011,165700.92
02/03/2011,166474.56
03/03/2011,175334.18
04/03/2011,171808.18
07/03/2011,165359.01
08/03/2011,168911.28
09/03/2011,165296.92
10/03/2011,157941.07
11/03/2011,162808.91
14/03/2011,160840.86
15/03/2011,151869.76
16/03/2011,142479.47
17/03/2011,146769.65
18/03/2011,151603.64
21/03/2011,162638.28
22/03/2011,163327.85
23/03/2011,170344.21
24/03/2011,174856.77
25/03/2011,176100.16
28/03/2011,171438.39
29/03/2011,176924.89
30/03/2011,179648.66
31/03/2011,178998.78
01/04/2011,181234.53
04/04/2011,184197.21
05/04/2011,185345.87
06/04/2011,186106.13
07/04/2011,184713.12
08/04/2011,182054.02
11/04/2011,183994.03
12/04/2011,181578.89
13/04/2011,184799.26
14/04/2011,186940.83
15/04/2011,192376.29
18/04/2011,186928.18
19/04/2011,197241.01
20/04/2011,207051.75
21/04/2011,209945.63
25/04/2011,215099.63
26/04/2011,217391.02
27/04/2011,221463.86
28/04/2011,224968.96
29/04/2011,225620.66
02/05/2011,218932.5
03/05/2011,212914.82
04/05/2011,210307.87
05/05/2011,206980.23
06/05/2011,209225.36
09/05/2011,216920.68
10/05/2011,225138.7
11/05/2011,219111.62
12/05/2011,223323.65
13/05/2011,218838.48
16/05/2011,213799.58
17/05/2011,217680.02
18/05/2011,225246.62
19/05/2011,230050.42
20/05/2011,224896.94
23/05/2011,219159.02
24/05/2011,221811.57
25/05/2011,225633.57
26/05/2011,231902.4
27/05/2011,236139.34
31/05/2011,243110.53
01/06/2011,226291.74
02/06/2011,228415.29
03/06/2011,226936.84
06/06/2011,224314.97
07/06/2011,227083.43
08/06/2011,224067.67
09/06/2011,230931.83
10/06/2011,222496.4
13/06/2011,217639.5
14/06/2011,226671.08
15/06/2011,206011.27
16/06/2011,196163.47
17/06/2011,200477.48
20/06/2011,209620.04
21/06/2011,214461.55
22/06/2011,210843.37
23/06/2011,215086.16
24/06/2011,203665.27
27/06/2011,208305.53
28/06/2011,218219.01
29/06/2011,228555.85
30/06/2011,237126.54
01/07/2011,247210.28
05/07/2011,246062.66
06/07/2011,242280.83
07/07/2011,249034.47
08/07/2011,243574.4
11/07/2011,223633.48
12/07/2011,218017.62
13/07/2011,216900.35
14/07/2011,210130.86
15/07/2011,214773.76
18/07/2011,206089.4
19/07/2011,218618.81
20/07/2011,223046.65
21/07/2011,234496.1
22/07/2011,235825.72
25/07/2011,223140.8
26/07/2011,219486.87
27/07/2011,202953.38
28/07/2011,202764.35
29/07/2011,206282.2
01/08/2011,210584.85
02/08/2011,195190.55
03/08/2011,197173.93
04/08/2011,155072.4
05/08/2011,150044.15
08/08/2011,121450.01
09/08/2011,141026.67
10/08/2011,120474.23
11/08/2011,124663.05
12/08/2011,124024.19
15/08/2011,129777.57
16/08/2011,128490.5
17/08/2011,123475.2
18/08/2011,99735.41
19/08/2011,94003.73
22/08/2011,91056.39
23/08/2011,95992.71
24/08/2011,97858.23
25/08/2011,94969.2
26/08/2011,97071.88
29/08/2011,102955.14
30/08/2011,100124.8
31/08/2011,102152.35
01/09/2011,100504
02/09/2011,94587.34
06/09/2011,91718.34
07/09/2011,96464.79
08/09/2011,93881.49
09/09/2011,85575.57
12/09/2011,84901.92
13/09/2011,84990.72
14/09/2011,88010.2
15/09/2011,92405.4
16/09/2011,94546.97
19/09/2011,90739.46
20/09/2011,91156.09
21/09/2011,83409.92
22/09/2011,76952.4
23/09/2011,75926.93
26/09/2011,78954.63
27/09/2011,80408.09
28/09/2011,74928.93
29/09/2011,76527.76
30/09/2011,70059.38
03/10/2011,65098.62
04/10/2011,70303.51
05/10/2011,74001.39
06/10/2011,74974.42
07/10/2011,74831.38
10/10/2011,80206.5
11/10/2011,80596.18
12/10/2011,85611.09
13/10/2011,86234.05
14/10/2011,91531.69
17/10/2011,80055.31
18/10/2011,84796.25
19/10/2011,77000.54
20/10/2011,76458.5
21/10/2011,81891.65
24/10/2011,86448.65
25/10/2011,79432.23
26/10/2011,83639.16
27/10/2011,94833.69
28/10/2011,95033.89
31/10/2011,83031.31
01/11/2011,72859.73
02/11/2011,75206.46
03/11/2011,78603.75
04/11/2011,77185.59
07/11/2011,77617.4
08/11/2011,81838.68
09/11/2011,65427.86
10/11/2011,69578.36
11/11/2011,72669.65
14/11/2011,71315.51
15/11/2011,71431.24
16/11/2011,66894.1
17/11/2011,64647.4
18/11/2011,67243.51
21/11/2011,66003.1
22/11/2011,67246.28
23/11/2011,64609.53
25/11/2011,63063.91
28/11/2011,67274.78
29/11/2011,68514.29
30/11/2011,74367.53
01/12/2011,75821.44
02/12/2011,76263.76
05/12/2011,76528.29
06/12/2011,75803.84
07/12/2011,74277.59
08/12/2011,70498.41
09/12/2011,76513.38
12/12/2011,75171.46
13/12/2011,75872.83
14/12/2011,75463.08
15/12/2011,78331.2
16/12/2011,78536.77
19/12/2011,79908.86
20/12/2011,84997.14
21/12/2011,91560.02
22/12/2011,89423.6
23/12/2011,87378.45
27/12/2011,88194.56
28/12/2011,84176.12
29/12/2011,86345.66
30/12/2011,84045.11
03/01/2012,89276.91
04/01/2012,91230.39
05/01/2012,92789.56
06/01/2012,95001.8
09/01/2012,95924.6
10/01/2012,97942.59
11/01/2012,95746.1
12/01/2012,97593.06
13/01/2012,96143.74
17/01/2012,96732.75
18/01/2012,99762.02
19/01/2012,102525.23
20/01/2012,105591.81
23/01/2012,108105.84
24/01/2012,108752.41
25/01/2012,111945.6
26/01/2012,112051.49
27/01/2012,114068.54
30/01/2012,111512.3
31/01/2012,110476.7
01/02/2012,114906.04
02/02/2012,118725.49
03/02/2012,124293.63
06/02/2012,125401.66
07/02/2012,123928.13
08/02/2012,119880.5
09/02/2012,114537.26
10/02/2012,105956.8
13/02/2012,113823.79
14/02/2012,110948.1
15/02/2012,102052.78
16/02/2012,108053.58
17/02/2012,108858.04
21/02/2012,108859.19
22/02/2012,112293.37
23/02/2012,119707.36
24/02/2012,114298.75
27/02/2012,112640.56
28/02/2012,115804.51
29/02/2012,115410.98
01/03/2012,119798.7
02/03/2012,117725
05/03/2012,118526.98
06/03/2012,107931.27
07/03/2012,114900.83
08/03/2012,118916.61
09/03/2012,121880.81
12/03/2012,127997.92
13/03/2012,132624.69
14/03/2012,125801.99
15/03/2012,128253.65
16/03/2012,129731.22
19/03/2012,139037.1
20/03/2012,145060.32
21/03/2012,152655.48
22/03/2012,150500.23
23/03/2012,161412.58
26/03/2012,175050.94
27/03/2012,155107.4
28/03/2012,154454.26
29/03/2012,158031.08
30/03/2012,161473.44
02/04/2012,160995.15
03/04/2012,157890.77
04/04/2012,152314.48
05/04/2012,148092.01
09/04/2012,140165.74
10/04/2012,131132.82
11/04/2012,133346.8
12/04/2012,147780.66
13/04/2012,134979.4
16/04/2012,137010.99
17/04/2012,146113.72
18/04/2012,141719.64
19/04/2012,142698.16
20/04/2012,147442.39
23/04/2012,141094.44
24/04/2012,146674
25/04/2012,154998.83
26/04/2012,159312.53
27/04/2012,159482.32
30/04/2012,156275.16
01/05/2012,159905.66
02/05/2012,160116.21
03/05/2012,154519.48
04/05/2012,146579.85
07/05/2012,150902.99
08/05/2012,149682.83
09/05/2012,143336.87
10/05/2012,150178.6
11/05/2012,144717.94
14/05/2012,134969.96
15/05/2012,129970.88
16/05/2012,127252.17
17/05/2012,118001.16
18/05/2012,109214.15
21/05/2012,123717.18
22/05/2012,120227.15
23/05/2012,120941.01
24/05/2012,123342.11
25/05/2012,122138.55
29/05/2012,129286.11
30/05/2012,115770.76
31/05/2012,114169.25
01/06/2012,106565.38
04/06/2012,109375.42
05/06/2012,114160.72
06/06/2012,122719.88
07/06/2012,123992.65
08/06/2012,131147.95
11/06/2012,116253.88
12/06/2012,120344.05
13/06/2012,114294.19
14/06/2012,121676.41
15/06/2012,128781.89
18/06/2012,139230.75
19/06/2012,138762.91
20/06/2012,147950.78
21/06/2012,127412.97
22/06/2012,135175.95
25/06/2012,131759.92
26/06/2012,135618.14
27/06/2012,135923.07
28/06/2012,138055.24
29/06/2012,148278.87
02/07/2012,158072.94
03/07/2012,161752.5
05/07/2012,154187.34
06/07/2012,157309.63
09/07/2012,157373.87
10/07/2012,151445.08
11/07/2012,157321.4
12/07/2012,156058.91
13/07/2012,165440.67
16/07/2012,165964.81
17/07/2012,172404.52
18/07/2012,171475.57
19/07/2012,175596.27
20/07/2012,166623.68
23/07/2012,152738.26
24/07/2012,145290.5
25/07/2012,150217.09
26/07/2012,163217.05
27/07/2012,167090.14
30/07/2012,160114.91
31/07/2012,156933.79
01/08/2012,158762.62
02/08/2012,165338.7
03/08/2012,177146.71
06/08/2012,180779.34
07/08/2012,173329.98
08/08/2012,180858.57
09/08/2012,183351.06
10/08/2012,184697.79
13/08/2012,188509.86
14/08/2012,180889.78
15/08/2012,181281.87
16/08/2012,183803.49
17/08/2012,189595.34
20/08/2012,189491.46
21/08/2012,184363.84
22/08/2012,181906.19
23/08/2012,179027.27
24/08/2012,185561.11
27/08/2012,183348.76
28/08/2012,181551.76
29/08/2012,179241.85
30/08/2012,175638.22
31/08/2012,182207.17
04/09/2012,185534.86
05/09/2012,189810.26
06/09/2012,208670.23
07/09/2012,220582.28
10/09/2012,205381.17
11/09/2012,206589.33
12/09/2012,215402.92
13/09/2012,229129.53
14/09/2012,216516.51
17/09/2012,223150.77
18/09/2012,231213.73
19/09/2012,234060.11
20/09/2012,228982.78
21/09/2012,233545.14
24/09/2012,236014.58
25/09/2012,219302.45
26/09/2012,211919.73
27/09/2012,229487.64
28/09/2012,225360.24
01/10/2012,219682.07
02/10/2012,224061.84
03/10/2012,226332.17
04/10/2012,232663.68
05/10/2012,234191.25
08/10/2012,232092.54
09/10/2012,222576.61
10/10/2012,221477.7
11/10/2012,228790.67
12/10/2012,222856.4
15/10/2012,233586.3
16/10/2012,238921.41
17/10/2012,243201.3
18/10/2012,239603.83
19/10/2012,226804.32
22/10/2012,230240.02
23/10/2012,206902.85
24/10/2012,211420.02
25/10/2012,215798.53
26/10/2012,216219.79
31/10/2012,208397.74
01/11/2012,228508.54
02/11/2012,217938.51
05/11/2012,214351.54
06/11/2012,224868.66
07/11/2012,205027.96
08/11/2012,207731.62
09/11/2012,205157.94
12/11/2012,219176.74
13/11/2012,220998.79
14/11/2012,210903.67
15/11/2012,209133.3
16/11/2012,220042.54
19/11/2012,239415.61
20/11/2012,242252.27
21/11/2012,241514.3
23/11/2012,246699.86
26/11/2012,254194.38
27/11/2012,245902.93
28/11/2012,255121.54
29/11/2012,259325.24
30/11/2012,255180.21
03/12/2012,243490.57
04/12/2012,241449.49
05/12/2012,248076.81
06/12/2012,243636.36
07/12/2012,249328.18
10/12/2012,251205.87
11/12/2012,258996.14
12/12/2012,249056.36
13/12/2012,245185.44
14/12/2012,246421.72
17/12/2012,256398.32
18/12/2012,262088.16
19/12/2012,246671.5
20/12/2012,241036.54
21/12/2012,231282.56
24/12/2012,226227.98
26/12/2012,216626.04
27/12/2012,220296.09
28/12/2012,185684.12
31/12/2012,220684.22
02/01/2013,244451.25
03/01/2013,240673.54
04/01/2013,246595.56
07/01/2013,252193.84
08/01/2013,252723.56
09/01/2013,253076.12
10/01/2013,258517.19
11/01/2013,260019.07
14/01/2013,260843.62
15/01/2013,263084.54
16/01/2013,268080.36
17/01/2013,264912.12
18/01/2013,281860.36
22/01/2013,294100.2
23/01/2013,301281.89
24/01/2013,297051.82
25/01/2013,294594.76
28/01/2013,286676.52
29/01/2013,296034.07
30/01/2013,275961.84
31/01/2013,278540.62
01/02/2013,286779.79
04/02/2013,273695.81
05/02/2013,282223.55
06/02/2013,286840.36
07/02/2013,287040.91
08/02/2013,292724.46
11/02/2013,295101.42
12/02/2013,298443.68
13/02/2013,299452.64
14/02/2013,303416.81
15/02/2013,304539.38
19/02/2013,317280.14
20/02/2013,285158.65
21/02/2013,283131.46
22/02/2013,293978.58
25/02/2013,245140.47
26/02/2013,251409.12
27/02/2013,273383.11
28/02/2013,261406.31
01/03/2013,257422.87
04/03/2013,276722.62
05/03/2013,283323.64
06/03/2013,282154.39
07/03/2013,289102.02
08/03/2013,293630.23
11/03/2013,307470.86
12/03/2013,300378.29
13/03/2013,303318.45
14/03/2013,306476.99
15/03/2013,304608.23
18/03/2013,289139.86
19/03/2013,288276.03
20/03/2013,305124.02
21/03/2013,295980.38
22/03/2013,298925.9
25/03/2013,303756.17
26/03/2013,310286.3
27/03/2013,306587.72
28/03/2013,310074.79
01/04/2013,306251.34
02/04/2013,317666.41
03/04/2013,302663.75
04/04/2013,308522.06
05/04/2013,308252.11
08/04/2013,318692.32
09/04/2013,319781.17
10/04/2013,331485.26
11/04/2013,331240.22
12/04/2013,339538.6
15/04/2013,275218.9
16/04/2013,307360.09
17/04/2013,271936
18/04/2013,259547.16
19/04/2013,277720.68
22/04/2013,289071.61
23/04/2013,302974.73
24/04/2013,301328.55
25/04/2013,298524.97
26/04/2013,297967.99
29/04/2013,298958.76
30/04/2013,303849.71
01/05/2013,290737.27
02/05/2013,300752.75
03/05/2013,306284.8
06/05/2013,313004.85
07/05/2013,314085.42
08/05/2013,310181.39
09/05/2013,305287.69
10/05/2013,311034.33
13/05/2013,312216.25
14/05/2013,313528.83
15/05/2013,311191.04
16/05/2013,306852.52
17/05/2013,313118.5
20/05/2013,312952.1
21/05/2013,306746.76
22/05/2013,308739.01
23/05/2013,304771.7
24/05/2013,304874.84
28/05/2013,310256.51
29/05/2013,306873.05
30/05/2013,306100.06
31/05/2013,293784.9
03/06/2013,295336.44
04/06/2013,293538.29
05/06/2013,279649.42
06/06/2013,287266.19
07/06/2013,296049.94
10/06/2013,299640.68
11/06/2013,280835.16
12/06/2013,263819.05
13/06/2013,277752.03
14/06/2013,267886.19
17/06/2013,275392.96
18/06/2013,277719.88
19/06/2013,279293.71
20/06/2013,246789.87
21/06/2013,254168.4
24/06/2013,239362.74
25/06/2013,246791.53
26/06/2013,253524.73
27/06/2013,261739.45
28/06/2013,263860.59
01/07/2013,269897.32
02/07/2013,270291.65
03/07/2013,273563.27
05/07/2013,289904.58
08/07/2013,301283.45
09/07/2013,304006.41
10/07/2013,309375.67
11/07/2013,315367.57
12/07/2013,312374.97
15/07/2013,321449.06
16/07/2013,312482.76
17/07/2013,324056.55
18/07/2013,327079.28
19/07/2013,338384.33
22/07/2013,343138.8
23/07/2013,344287.52
24/07/2013,341294.05
25/07/2013,348058.93
26/07/2013,349227.88
29/07/2013,345290.77
30/07/2013,352462.73
31/07/2013,361001.82
01/08/2013,368985.82
02/08/2013,379981.36
05/08/2013,384128.56
06/08/2013,373633.06
07/08/2013,368920.52
08/08/2013,374921.29
09/08/2013,366188.01
12/08/2013,371158.53
13/08/2013,374615.52
14/08/2013,368174.97
15/08/2013,352122.69
16/08/2013,354565.7
19/08/2013,346107.86
20/08/2013,352415.45
21/08/2013,342282.59
22/08/2013,355952.05
23/08/2013,361434.29
26/08/2013,346889.29
27/08/2013,318357.16
28/08/2013,316092.49
29/08/2013,316092.84
30/08/2013,313063.39
03/09/2013,323401.35
04/09/2013,325772.67
05/09/2013,329972.58
06/09/2013,328029.44
09/09/2013,341433.61
10/09/2013,352062.72
11/09/2013,365237.1
12/09/2013,363066.6
13/09/2013,363066.8
16/09/2013,368485.4
17/09/2013,370799.48
18/09/2013,388799.56
19/09/2013,387548.45
20/09/2013,381030.76
23/09/2013,372618.14
24/09/2013,379084.08
25/09/2013,379392.99
26/09/2013,385554.18
27/09/2013,370464.46
30/09/2013,355496.82
01/10/2013,370672.53
02/10/2013,352548.26
03/10/2013,337569.96
04/10/2013,346315.39
07/10/2013,316194.62
08/10/2013,302529.55
09/10/2013,309432.41
10/10/2013,341978.45
11/10/2013,351912.62
14/10/2013,346633.88
15/10/2013,331349.98
16/10/2013,364869.24
17/10/2013,388227.8
18/10/2013,393853.39
21/10/2013,387047.36
22/10/2013,386837.72
23/10/2013,384745.67
24/10/2013,390270.44
25/10/2013,388946.07
28/10/2013,388054.89
29/10/2013,389723.08
30/10/2013,387626.87
31/10/2013,388920.31
01/11/2013,388349.62
04/11/2013,401254.77
05/11/2013,399110.75
06/11/2013,406431.95
07/11/2013,392810.04
08/11/2013,408019.17
11/11/2013,412410.6
12/11/2013,410979.39
13/11/2013,414945.58
14/11/2013,417074.96
15/11/2013,423788.85
18/11/2013,424327.26
19/11/2013,418257.88
20/11/2013,428354.69
21/11/2013,441964.25
22/11/2013,445817.14
25/11/2013,445227.27
26/11/2013,443043.72
27/11/2013,439897.85
29/11/2013,437299.26
02/12/2013,430025.85
03/12/2013,420390.16
04/12/2013,427593.52
05/12/2013,421989.11
06/12/2013,437139.83
09/12/2013,443125.38
10/12/2013,439096.37
11/12/2013,419457.38
12/12/2013,415499.01
13/12/2013,415076.13
16/12/2013,407960.95
17/12/2013,412390.12
18/12/2013,440237.14
19/12/2013,441613.46
20/12/2013,442028.01
23/12/2013,458284.48
24/12/2013,473945.64
26/12/2013,474735.29
27/12/2013,465758.14
30/12/2013,459108.25
31/12/2013,459255.57
02/01/2014,450557.55
03/01/2014,455191.7
06/01/2014,459911.18
07/01/2014,468789.92
08/01/2014,468111.66
09/01/2014,466611.54
10/01/2014,476351.91
13/01/2014,465074.92
14/01/2014,481467.3
15/01/2014,479738.13
16/01/2014,473903.32
17/01/2014,475418.33
21/01/2014,480513.4
22/01/2014,489033.61
23/01/2014,477090.63
24/01/2014,412904.56
27/01/2014,414850.89
28/01/2014,436913.74
29/01/2014,404884.6
30/01/2014,399498
31/01/2014,378449.11
03/02/2014,347027.28
04/02/2014,354510.86
05/02/2014,345934.79
06/02/2014,381014.66
07/02/2014,408971.89
10/02/2014,408632.1
11/02/2014,423200.44
12/02/2014,432696.91
13/02/2014,433689.6
14/02/2014,441420.17
18/02/2014,448470.45
19/02/2014,418986.86
20/02/2014,431142.35
21/02/2014,425847.29
24/02/2014,429609.79
25/02/2014,432458.4
26/02/2014,421309.98
27/02/2014,425914.99
28/02/2014,421730.53
03/03/2014,389457.18
04/03/2014,419605.66
05/03/2014,418959.37
06/03/2014,420891.63
07/03/2014,411161.03
10/03/2014,411918.94
11/03/2014,406341.87
12/03/2014,410690.84
13/03/2014,391186.67
14/03/2014,377916.13
17/03/2014,399570.97
18/03/2014,413179.2
19/03/2014,402795.23
20/03/2014,409190.31
21/03/2014,402722.2
24/03/2014,403737.24
25/03/2014,409719.98
26/03/2014,400308.06
27/03/2014,407288.35
28/03/2014,411107.81
31/03/2014,422205.55
01/04/2014,436684.29
02/04/2014,433773.15
03/04/2014,438070.5
04/04/2014,427320.43
07/04/2014,416719.69
08/04/2014,424040.79
09/04/2014,434456.18
10/04/2014,408712.99
11/04/2014,396453.75
14/04/2014,397927.07
15/04/2014,403169.34
16/04/2014,416649.56
17/04/2014,424447.49
21/04/2014,429537.08
22/04/2014,433872.69
23/04/2014,430575.43
24/04/2014,426925.87
25/04/2014,423854.81
28/04/2014,433819.71
29/04/2014,439441.8
30/04/2014,438902.19
01/05/2014,440574.44
02/05/2014,439253.99
05/05/2014,447111.29
06/05/2014,441882.59
07/05/2014,451950.2
08/05/2014,451387.69
09/05/2014,460346.08
12/05/2014,474089.67
13/05/2014,472861.79
14/05/2014,477122.14
15/05/2014,470541.47
16/05/2014,479314.61
19/05/2014,489072.3
20/05/2014,487361.85
21/05/2014,497515.56
22/05/2014,499088.85
23/05/2014,504004.96
27/05/2014,519830.1
28/05/2014,519031.87
29/05/2014,523686.85
30/05/2014,522483.87
02/06/2014,525562.12
03/06/2014,523366.13
04/06/2014,528880.94
05/06/2014,548792.03
06/06/2014,577653.77
09/06/2014,570067.22
10/06/2014,578111.46
11/06/2014,564585.51
12/06/2014,536524.48
13/06/2014,549333.01
16/06/2014,548912.86
17/06/2014,563609.86
18/06/2014,595038.46
19/06/2014,590373.04
20/06/2014,585798.94
23/06/2014,598550.81
24/06/2014,577682.96
25/06/2014,596053.3
26/06/2014,592904.48
27/06/2014,597443.64
30/06/2014,605663.81
01/07/2014,621013.42
02/07/2014,628407.12
03/07/2014,634493.45
07/07/2014,619856.18
08/07/2014,614362.2
09/07/2014,625002.64
10/07/2014,597857.23
11/07/2014,606023.24
14/07/2014,627503.75
15/07/2014,615424.32
16/07/2014,629626.85
17/07/2014,580882.62
18/07/2014,609960.96
21/07/2014,592153.84
22/07/2014,608661.5
23/07/2014,605419.44
24/07/2014,598013.27
25/07/2014,585286.22
28/07/2014,591669.59
29/07/2014,588112.6
30/07/2014,583835.91
31/07/2014,522760.77
01/08/2014,497890.55
04/08/2014,526323.21
05/08/2014,491498.98
06/08/2014,489069.16
07/08/2014,477462.23
08/08/2014,493177.23
11/08/2014,522203.09
12/08/2014,527363.64
13/08/2014,556097.51
14/08/2014,576214.79
15/08/2014,574710.58
18/08/2014,596126.71
19/08/2014,592469.99
20/08/2014,592470.48
21/08/2014,596732.52
22/08/2014,592305.88
25/08/2014,598487.94
26/08/2014,593129.19
27/08/2014,588796.11
28/08/2014,587340.58
29/08/2014,580453.39
02/09/2014,579914.26
03/09/2014,588203.77
04/09/2014,588314.54
05/09/2014,600527.95
08/09/2014,596758.76
09/09/2014,581241.34
10/09/2014,584329.41
11/09/2014,585617.27
12/09/2014,572086
15/09/2014,556746.79
16/09/2014,587194.11
17/09/2014,593310.96
18/09/2014,601538.94
19/09/2014,597105.45
22/09/2014,566928.19
23/09/2014,548318.22
24/09/2014,573434.88
25/09/2014,532646.78
26/09/2014,545859.15
29/09/2014,516437.41
30/09/2014,514290.8
01/10/2014,498023.91
02/10/2014,507006.51
03/10/2014,542956.43
06/10/2014,526436
07/10/2014,488471.77
08/10/2014,535155.76
09/10/2014,482322.35
10/10/2014,427091.78
13/10/2014,372839.14
14/10/2014,395238.34
15/10/2014,345982.02
16/10/2014,363685.97
17/10/2014,382968.29
20/10/2014,415809.75
21/10/2014,447197.85
22/10/2014,416857.24
23/10/2014,435227.07
24/10/2014,443780.9
27/10/2014,444566.4
28/10/2014,475814.97
29/10/2014,459199.47
30/10/2014,462157.76
31/10/2014,471143.03
03/11/2014,466106.44
04/11/2014,467700.47
05/11/2014,480813.83
06/11/2014,493964.95
07/11/2014,494289.56
10/11/2014,514946.54
11/11/2014,516351.45
12/11/2014,504466.49
13/11/2014,493062.67
14/11/2014,501535.16
17/11/2014,500051.88
18/11/2014,502176.63
19/11/2014,495612.58
20/11/2014,506523.96
21/11/2014,512470.04
24/11/2014,524955.15
25/11/2014,528124
26/11/2014,536103.42
28/11/2014,516373.1
01/12/2014,491610.85
02/12/2014,529756.19
03/12/2014,528068.55
04/12/2014,536785.06
05/12/2014,544220.92
08/12/2014,510524.76
09/12/2014,508470.35
10/12/2014,449436.72
11/12/2014,412234.89
12/12/2014,410535
15/12/2014,418189.42
16/12/2014,385634.06
17/12/2014,432639.58
18/12/2014,443767.56
19/12/2014,460034.79
22/12/2014,463493.62
23/12/2014,476491.26
24/12/2014,468289.37
26/12/2014,479701.43
29/12/2014,472706.14
30/12/2014,463090.52
31/12/2014,423190.12
02/01/2015,425739.44
05/01/2015,398873.8
06/01/2015,386387.16
07/01/2015,405566.83
08/01/2015,427861.31
09/01/2015,405775.32
12/01/2015,389072.88
13/01/2015,380922.88
14/01/2015,377164.18
15/01/2015,360166.95
16/01/2015,371715.79
20/01/2015,372094.2
21/01/2015,395205.9
22/01/2015,416025.33
23/01/2015,404650.28
26/01/2015,429075.42
27/01/2015,414006.64
28/01/2015,357306.96
29/01/2015,381039.89
30/01/2015,346184.23
02/02/2015,360753.1
03/02/2015,376041.23
04/02/2015,359774.51
05/02/2015,376076.98
06/02/2015,366456.26
09/02/2015,358938.01
10/02/2015,374263.81
11/02/2015,376049.68
12/02/2015,395088.4
13/02/2015,397417.23
17/02/2015,395681.15
18/02/2015,403811.75
19/02/2015,409250.94
20/02/2015,425364.71
23/02/2015,422778.97
24/02/2015,443654.14
25/02/2015,435213.48
26/02/2015,444021.62
27/02/2015,448453.35
02/03/2015,460998.25
03/03/2015,449378.44
04/03/2015,450057.45
05/03/2015,458663.07
06/03/2015,436815.5
09/03/2015,443660.1
10/03/2015,420501.49
11/03/2015,416124.48
12/03/2015,442324.66
13/03/2015,430361.43
16/03/2015,439828.46
17/03/2015,442860.94
18/03/2015,464526.58
19/03/2015,464232.08
20/03/2015,473112.86
23/03/2015,475543.19
24/03/2015,480426.69
25/03/2015,461372.55
26/03/2015,465360.9
27/03/2015,470700.59
30/03/2015,482091.37
31/03/2015,468202.69
01/04/2015,473610.06
02/04/2015,481537.67
06/04/2015,491575.5
07/04/2015,492592.48
08/04/2015,503758.75
09/04/2015,522030.29
10/04/2015,546222.33
13/04/2015,521942.49
14/04/2015,537153.83
15/04/2015,547467.55
16/04/2015,554447.03
17/04/2015,534865.42
20/04/2015,550960.85
21/04/2015,552750.18
22/04/2015,559926.81
23/04/2015,566824.93
24/04/2015,569522.53
27/04/2015,553102.06
28/04/2015,574218.81
29/04/2015,552888.28
30/04/2015,541683.54
01/05/2015,570635.72
04/05/2015,570636.67
05/05/2015,546865.03
06/05/2015,537639.8
07/05/2015,544823.93
08/05/2015,568218.61
11/05/2015,551365.84
12/05/2015,560379.55
13/05/2015,568170.29
14/05/2015,580789.36
15/05/2015,584335.45
18/05/2015,604780.76
19/05/2015,608919.17
20/05/2015,608919.43
21/05/2015,631132.44
22/05/2015,626305.69
26/05/2015,606592.1
27/05/2015,621769.01
28/05/2015,622762.43
29/05/2015,617141.79
01/06/2015,619190.54
02/06/2015,607737.22
03/06/2015,624643.47
04/06/2015,604122.37
05/06/2015,610436.17
08/06/2015,595733.61
09/06/2015,606206.02
10/06/2015,633592.81
11/06/2015,646623.83
12/06/2015,632836.93
15/06/2015,603136.81
16/06/2015,617623.77
17/06/2015,618610.56
18/06/2015,643964.3
19/06/2015,624893.3
22/06/2015,660336.28
23/06/2015,679427.82
24/06/2015,657195.42
25/06/2015,655534.62
26/06/2015,660570.33
29/06/2015,547075.92
30/06/2015,548648.77
01/07/2015,590295.17
02/07/2015,556023.18
06/07/2015,545378.6
07/07/2015,570326.93
08/07/2015,509944.68
09/07/2015,497034.9
10/07/2015,541717.38
13/07/2015,599012.54
14/07/2015,602927.9
15/07/2015,610787.78
16/07/2015,647310.75
17/07/2015,649294.03
20/07/2015,659132.63
21/07/2015,659424.23
22/07/2015,661742.62
23/07/2015,657093.65
24/07/2015,629696.27
27/07/2015,595249.88
28/07/2015,643590.17
29/07/2015,654573.83
30/07/2015,660005.01
31/07/2015,658517.88
03/08/2015,664872.16
04/08/2015,656469.1
05/08/2015,662062.19
06/08/2015,644620.02
07/08/2015,653190.59
10/08/2015,673918.7
11/08/2015,641818.59
12/08/2015,649724.99
13/08/2015,657910.72
14/08/2015,655380.89
17/08/2015,661270.46
18/08/2015,653981.4
19/08/2015,630280.52
20/08/2015,567543.79
21/08/2015,487588.45
24/08/2015,363537.92
25/08/2015,361046.71
26/08/2015,382506.81
27/08/2015,376996.41
28/08/2015,372487
31/08/2015,343608.06
01/09/2015,304118.36
02/09/2015,334919.98
03/09/2015,336914.33
04/09/2015,308277.05
08/09/2015,338297.84
09/09/2015,327026.31
10/09/2015,339115.07
11/09/2015,346607.94
14/09/2015,347402.67
15/09/2015,383501.64
16/09/2015,410727.56
17/09/2015,379900.91
18/09/2015,359711.63
21/09/2015,389316.27
22/09/2015,350343.2
23/09/2015,360216.63
24/09/2015,348390.56
25/09/2015,340933.94
28/09/2015,317410.76
29/09/2015,319375.45
30/09/2015,329341.14
01/10/2015,340344.06
02/10/2015,356768.47
05/10/2015,375601.37
06/10/2015,367000.25
07/10/2015,381435.41
08/10/2015,397141.46
09/10/2015,401049.95
12/10/2015,428853.52
13/10/2015,390860.52
14/10/2015,389809.53
15/10/2015,422855.92
16/10/2015,426440.92
19/10/2015,454064.11
20/10/2015,423723.02
21/10/2015,393857.26
22/10/2015,440917.37
23/10/2015,425654.5
26/10/2015,417463.86
27/10/2015,427995.59
28/10/2015,439884.6
29/10/2015,434870.75
30/10/2015,423903.42
02/11/2015,442209.34
03/11/2015,434778.02
04/11/2015,420308.68
05/11/2015,436154.44
06/11/2015,445404.74
09/11/2015,414537.14
10/11/2015,429480.2
11/11/2015,417302.52
12/11/2015,382478.49
13/11/2015,357121.11
16/11/2015,393428.85
17/11/2015,378856.96
18/11/2015,394196.83
19/11/2015,385225.49
20/11/2015,400619.39
23/11/2015,409930.49
24/11/2015,399893.23
25/11/2015,414016.02
27/11/2015,405476.92
30/11/2015,410545.92
01/12/2015,428708.87
02/12/2015,414370.16
03/12/2015,384632.09
04/12/2015,417567.56
07/12/2015,411729.95
08/12/2015,389193.3
09/12/2015,371394.34
10/12/2015,368416
11/12/2015,309938.93
14/12/2015,330570.63
15/12/2015,355742.59
16/12/2015,369880.83
17/12/2015,346679.31
18/12/2015,326272.3
21/12/2015,351160.17
22/12/2015,369060.42
23/12/2015,367802.92
24/12/2015,361235.09
28/12/2015,369715.4
29/12/2015,376157.64
30/12/2015,359106.15
31/12/2015,356379.9
04/01/2016,337808.9
05/01/2016,343277.71
06/01/2016,330973.73
07/01/2016,291197.2
08/01/2016,272380.48
11/01/2016,287237.24
12/01/2016,300285.89
13/01/2016,269787.14
14/01/2016,280085.37
15/01/2016,253195.66
19/01/2016,256709
20/01/2016,249231.27
21/01/2016,245805.26
22/01/2016,268474.4
25/01/2016,253624.67
26/01/2016,264990.46
27/01/2016,255547.93
28/01/2016,260814.11
29/01/2016,277452.28
01/02/2016,278749.88
02/02/2016,260021.76
03/02/2016,263688.89
04/02/2016,260164.26
05/02/2016,251569.56
08/02/2016,240354.2
09/02/2016,234902.86
10/02/2016,233485.41
11/02/2016,221660.72
12/02/2016,227737.4
16/02/2016,239889.79
17/02/2016,248953.73
18/02/2016,250448.5
19/02/2016,254868.97
22/02/2016,269830.88
23/02/2016,255796.2
24/02/2016,260394.48
25/02/2016,270810.19
26/02/2016,263570.83
29/02/2016,259675.81
01/03/2016,284811.89
02/03/2016,286247.48
03/03/2016,298378.58
04/03/2016,289921.08
07/03/2016,293656.28
08/03/2016,279919.67
09/03/2016,287464.35
10/03/2016,290137.26
11/03/2016,303342.03
14/03/2016,307631.43
15/03/2016,304169.24
16/03/2016,316928.84
17/03/2016,325476.97
18/03/2016,326239.22
21/03/2016,339370.93
22/03/2016,341838.92
23/03/2016,324108.18
24/03/2016,329482.84
28/03/2016,334371.92
29/03/2016,353607.8
30/03/2016,359356.71
31/03/2016,357049.45
01/04/2016,367250.03
04/04/2016,356557.14
05/04/2016,339141.7
06/04/2016,359458.96
07/04/2016,326734.44
08/04/2016,334455.88
11/04/2016,325706.84
12/04/2016,340643.56
13/04/2016,357165.17
14/04/2016,361186.44
15/04/2016,364784.63
18/04/2016,383251.47
19/04/2016,383823.25
20/04/2016,379094.33
21/04/2016,370825.5
22/04/2016,383629.95
25/04/2016,382121.35
26/04/2016,388333.62
27/04/2016,398664.34
28/04/2016,375048.97
29/04/2016,365552.52
02/05/2016,385782.63
03/05/2016,367359.89
04/05/2016,363228.69
05/05/2016,364586.62
06/05/2016,381677.27
09/05/2016,387875.71
10/05/2016,408440.65
11/05/2016,385821.09
12/05/2016,396403.16
13/05/2016,382353.88
16/05/2016,396495.02
17/05/2016,383642.31
18/05/2016,382046.74
19/05/2016,384155.05
20/05/2016,397326.79
23/05/2016,392132.17
24/05/2016,415092.31
25/05/2016,421804.39
26/05/2016,429425.28
27/05/2016,438709.17
31/05/2016,441979.86
01/06/2016,441342.51
02/06/2016,452001.84
03/06/2016,453990.35
06/06/2016,460991.64
07/06/2016,458737.19
08/06/2016,456890.33
09/06/2016,447406.57
10/06/2016,410988.04
13/06/2016,345858.07
14/06/2016,351905.41
15/06/2016,356965.37
16/06/2016,366326.7
17/06/2016,365416.29
20/06/2016,393568.38
21/06/2016,389870.06
22/06/2016,376055.46
23/06/2016,425748.74
24/06/2016,286495.42
27/06/2016,274179.48
28/06/2016,325153.31
29/06/2016,344927.53
30/06/2016,352108.93
01/07/2016,354854.54
05/07/2016,353581.75
06/07/2016,364821.12
07/07/2016,368799.38
08/07/2016,390020.25
11/07/2016,391935.97
12/07/2016,403128.88
13/07/2016,403663.27
14/07/2016,406419.96
15/07/2016,402580.25
18/07/2016,417890.37
19/07/2016,420124.32
20/07/2016,425488.5
21/07/2016,415649.65
22/07/2016,426809.99
25/07/2016,427773.01
26/07/2016,431573.22
27/07/2016,441167.57
28/07/2016,452111.88
29/07/2016,467884.67
01/08/2016,474192.27
02/08/2016,457850.09
03/08/2016,468984.59
04/08/2016,481352.38
05/08/2016,499130.19
08/08/2016,508457.08
09/08/2016,515735.2
10/08/2016,503072.39
11/08/2016,507521.06
12/08/2016,512011.35
15/08/2016,517071.39
16/08/2016,499306.32
17/08/2016,515601.06
18/08/2016,524038.93
19/08/2016,520488.49
22/08/2016,518539.86
23/08/2016,519404.74
24/08/2016,505394.44
25/08/2016,510654.89
26/08/2016,506210.48
29/08/2016,518002.13
30/08/2016,521771.2
31/08/2016,521494.85
01/09/2016,522267.74
02/09/2016,538149.54
06/09/2016,556620
07/09/2016,561159.45
08/09/2016,555484.44
09/09/2016,469510.82
12/09/2016,496628.32
13/09/2016,446670.13
14/09/2016,432928.73
15/09/2016,450403.98
16/09/2016,468935.49
19/09/2016,479617.99
20/09/2016,471307.35
21/09/2016,507825.83
22/09/2016,531184.77
23/09/2016,522782.28
26/09/2016,501619.58
27/09/2016,522910.35
28/09/2016,531567.34
29/09/2016,511902.2
30/09/2016,515789.74
03/10/2016,523738.16
04/10/2016,528634.38
05/10/2016,531120.78
06/10/2016,536111.63
07/10/2016,527352.39
10/10/2016,543201.21
11/10/2016,515754.16
12/10/2016,506101
13/10/2016,494823.08
14/10/2016,501350.06
17/10/2016,506885.62
18/10/2016,522234.86
19/10/2016,539516.73
20/10/2016,549316.01
21/10/2016,556072.95
24/10/2016,578023.83
25/10/2016,567731.28
26/10/2016,554437.61
27/10/2016,539255.17
28/10/2016,524876.28
31/10/2016,509595.92
01/11/2016,493928.93
02/11/2016,479406.41
03/11/2016,453234.33
04/11/2016,458163.93
07/11/2016,523312.26
08/11/2016,523796.72
09/11/2016,552902.65
10/11/2016,534070.25
11/11/2016,540283.72
14/11/2016,546378.93
15/11/2016,571429.12
16/11/2016,560214.47
17/11/2016,579702.37
18/11/2016,581463
21/11/2016,600152.21
22/11/2016,601852.69
23/11/2016,601014.12
25/11/2016,606067.99
28/11/2016,602014.99
29/11/2016,606692.56
30/11/2016,599625.69
01/12/2016,581617.24
02/12/2016,578937.82
05/12/2016,627130.56
06/12/2016,641903.48
07/12/2016,635613.6
08/12/2016,632643.25
09/12/2016,646876.56
12/12/2016,630731.07
13/12/2016,635459.05
14/12/2016,639171.14
15/12/2016,650892.19
16/12/2016,656392.22
19/12/2016,678985.3
20/12/2016,691392.08
21/12/2016,701122.78
22/12/2016,688574.96
23/12/2016,688304.99
27/12/2016,701878.69
28/12/2016,672796.84
29/12/2016,664548.83
30/12/2016,653115.59
03/01/2017,703249.88
04/01/2017,732117.32
05/01/2017,739901.19
06/01/2017,747792.42
09/01/2017,752055.15
10/01/2017,754741.32
11/01/2017,769394.97
12/01/2017,765343.17
13/01/2017,772055.66
17/01/2017,774675.37
18/01/2017,774686.78
19/01/2017,772251.39
20/01/2017,793505.05
23/01/2017,807674.52
24/01/2017,840330.95
25/01/2017,857636.74
26/01/2017,860907.28
27/01/2017,867286.78
30/01/2017,848218.62
31/01/2017,846506.42
01/02/2017,865157.21
02/02/2017,850793.38
03/02/2017,871336.59
06/02/2017,869263.45
07/02/2017,867348.13
08/02/2017,867360.91
09/02/2017,889540.63
